no,payer_name,hint_host,notes
1,UHC,uhcprovider.com,"Starting point only - follow redirects, subdomains and regional/state sites to where the documents actually live."
2,Horizon BCBS NJ,horizonblue.com,"Starting point only - follow redirects, subdomains and regional/state sites to where the documents actually live."
3,Cigna,cigna.com,"Starting point only - follow redirects, subdomains and regional/state sites to where the documents actually live."
4,UPMC Health Plan,upmchealthplan.com,"Starting point only - follow redirects, subdomains and regional/state sites to where the documents actually live."
5,Elevance / Anthem,anthem.com,"Starting point only - follow redirects, subdomains and regional/state sites to where the documents actually live."
6,CareSource,caresource.com,"Starting point only - follow redirects, subdomains and regional/state sites to where the documents actually live."
7,Centene,centene.com,"Starting point only - follow redirects, subdomains and regional/state sites to where the documents actually live."
8,Geisinger,geisinger.org,"Starting point only - follow redirects, subdomains and regional/state sites to where the documents actually live."
9,Highmark,highmark.com,"Starting point only - follow redirects, subdomains and regional/state sites to where the documents actually live."
10,BCBST (BCBS Tennessee),bcbst.com,"Starting point only - follow redirects, subdomains and regional/state sites to where the documents actually live."